{
  "baseline": {
    "per_channel_db": [
      3.9773294290400014,
      4.8634183195836425,
      3.4855120674078997,
      3.7449751196987413
    ],
    "average_db": 4.017808733932571
  },
  "yours": {
    "per_channel_db": [
      12.300896772577909,
      10.416037557302937,
      14.89514794680661,
      8.734317461913339
    ],
    "average_db": 11.586599934650199
  }
}